k,alphaC,alpha,iterations,stepsize,time
50,5.8470310610234894E-5,0.1,3,1,3.543497738
50,5.4781107749895286E-5,0.1,3,2,2.198315508
50,6.797368753385012E-5,0.1,3,3,2.672062608
50,4.936189797059558E-5,0.1,3,4,2.466914665
50,5.572872942424082E-5,0.1,3,5,1.296675242
50,5.3956285140384045E-5,0.1,3,6,2.008785419
50,5.4881124154525363E-5,0.1,3,7,1.806535703
50,5.182579835818256E-5,0.1,3,8,1.458734972
50,4.9570949585536716E-5,0.1,3,9,1.75768679
50,5.766576506389476E-5,0.1,3,10,1.963524888
50,5.2078965876174375E-5,0.1,4,1,3.180539155
50,6.488719120810986E-5,0.1,4,2,1.696122758
50,5.4808745262533545E-5,0.1,4,3,2.061716365
50,5.507522407626692E-5,0.1,4,4,1.427178372
50,5.559863930014713E-5,0.1,4,5,1.836862524
50,6.392907407993924E-5,0.1,4,6,1.654075335
50,6.521826342048876E-5,0.1,4,7,2.768710629
50,6.098349383844039E-5,0.1,4,8,1.790593653
50,6.0406436538021806E-5,0.1,4,9,1.754998285
50,1.1265277862548828E-4,0.1,4,10,0.669154466
50,4.9183336467265704E-5,0.1,5,1,1.813000377
50,5.853325440226418E-5,0.1,5,2,2.044550846
50,7.150380946002361E-5,0.1,5,3,2.490281055
50,4.6792151849747696E-5,0.1,5,4,2.138919286
50,5.127046912764992E-5,0.1,5,5,2.432598651
50,5.5033026154228055E-5,0.1,5,6,2.701162656
50,5.433770583608056E-5,0.1,5,7,2.488956332
50,1.2850159401514005E-4,0.1,5,8,1.474546923
50,6.400111969384237E-5,0.1,5,9,3.417432086
50,5.5059045553207395E-5,0.1,5,10,1.340244189
50,4.843078748625359E-5,0.1,6,1,2.20085769
50,5.108236188156775E-5,0.1,6,2,1.76855409
50,6.389148570213693E-5,0.1,6,3,1.905424245
50,5.872048909197319E-5,0.1,6,4,2.053845243
50,5.3146241542395754E-5,0.1,6,5,3.041796841
50,6.33505339536412E-5,0.1,6,6,2.998523245
50,5.897316088976235E-5,0.1,6,7,2.084746242
50,6.608653406274812E-5,0.1,6,8,1.396112722
50,5.171041383693658E-5,0.1,6,9,3.100062736
50,5.8671226724982255E-5,0.1,6,10,1.645585266
50,6.201163924701409E-5,0.1,7,1,1.695818994
50,5.7108343282777316E-5,0.1,7,2,2.436508223
50,5.720618668454275E-5,0.1,7,3,2.179421749
50,5.8953996655027445E-5,0.1,7,4,2.831959936
50,5.457005891633603E-5,0.1,7,5,2.787873298
50,5.5543060773394096E-5,0.1,7,6,3.072218306
50,6.0630295347112293E-5,0.1,7,7,2.216207235
50,4.9564900548696875E-5,0.1,7,8,2.031918953
50,5.102324966278531E-5,0.1,7,9,2.744339204
50,4.6918141742935396E-5,0.1,7,10,1.466288208
50,5.5565255143557494E-5,0.1,8,1,2.221916555
50,6.39931731423794E-5,0.1,8,2,2.382105328
50,6.199231288951681E-5,0.1,8,3,2.651665353
50,5.420965808974265E-5,0.1,8,4,3.015633179
50,8.222094179562476E-5,0.1,8,5,2.110330919
50,5.568176587544659E-5,0.1,8,6,2.550516458
50,5.320691308825751E-5,0.1,8,7,3.077190301
50,5.781669169664382E-5,0.1,8,8,1.625301285
50,5.171041383693658E-5,0.1,8,9,2.971251189
50,5.1458004389098495E-5,0.1,8,10,2.751858789
50,5.33679740953824E-5,0.1,9,1,1.953209532
50,5.80869920970498E-5,0.1,9,2,2.612561526
50,6.232176905365313E-5,0.1,9,3,2.420777396
50,5.7509514492703E-5,0.1,9,4,2.279432505
50,5.138808862226548E-5,0.1,9,5,2.70833431
50,5.3340927458105074E-5,0.1,9,6,2.702671861
50,6.063976018147392E-5,0.1,9,7,2.877953887
50,5.5072111720774E-5,0.1,9,8,2.046005068
50,4.84886534869831E-5,0.1,9,9,3.460648895
50,5.541631241902915E-5,0.1,9,10,1.835365337
50,5.0312123854225096E-5,0.1,10,1,1.891436981
50,5.4082054402313344E-5,0.1,10,2,2.437743409
50,5.708344471330592E-5,0.1,10,3,2.086655658
50,7.228212371046538E-5,0.1,10,4,1.519965195
50,5.133073583812419E-5,0.1,10,5,2.415827034
50,5.125106867243551E-5,0.1,10,6,2.187070231
50,5.881133924713047E-5,0.1,10,7,3.111697406
50,5.7825716874049254E-5,0.1,10,8,1.703480997
50,4.840654812322979E-5,0.1,10,9,2.508716313
50,5.499646067619324E-5,0.1,10,10,1.335093121
50,5.5805738439970574E-5,0.1,11,1,3.063741459
50,5.3683292555527513E-5,0.1,11,2,2.285758066
50,5.257471190942451E-5,0.1,11,3,2.785526413
50,4.802809785290907E-5,0.1,11,4,2.345249835
50,6.0220416346402676E-5,0.1,11,5,2.541393023
50,5.432557091730605E-5,0.1,11,6,3.423692748
50,5.881133924713047E-5,0.1,11,7,3.017613203
50,5.26627067650054E-5,0.1,11,8,2.498281676
50,5.792510821433529E-5,0.1,11,9,3.279048518
50,5.1439530216157424E-5,0.1,11,10,1.471817254
50,5.2793072497487384E-5,0.1,12,1,3.165704597
50,5.538182205255566E-5,0.1,12,2,2.735070046
50,5.0321204260674904E-5,0.1,12,3,4.229090012
50,5.3039766498841345E-5,0.1,12,4,2.581528927
50,5.6692401184491734E-5,0.1,12,5,2.208099951
50,5.5938845339305546E-5,0.1,12,6,3.183529924
50,6.14747880376634E-5,0.1,12,7,2.714586559
50,6.608653406492917E-5,0.1,12,8,1.823837629
50,6.342878416663773E-5,0.1,12,9,1.740271591
50,5.481396118997007E-5,0.1,12,10,1.669304996
50,5.380253335513072E-5,0.1,13,1,2.605263379
50,5.9254563252290084E-5,0.1,13,2,3.115885804
50,5.938509857708935E-5,0.1,13,3,4.414136652
50,6.083250045776368E-5,0.1,13,4,1.767230868
50,5.389727156609146E-5,0.1,13,5,2.314921511
50,6.0290152376080666E-5,0.1,13,6,2.618322827
50,6.146152155580745E-5,0.1,13,7,2.224296791
50,5.1630104738225903E-5,0.1,13,8,2.378233914
50,4.846373073558212E-5,0.1,13,9,3.688056036
50,5.541631241902901E-5,0.1,13,10,1.902773896
50,6.098201100596108E-5,0.1,14,1,3.071487591
50,5.7230322251330146E-5,0.1,14,2,2.866216759
50,6.669529010777629E-5,0.1,14,3,4.104216581
50,5.5038928985595695E-5,0.1,14,4,1.974307457
50,6.594804706505843E-5,0.1,14,5,2.489689753
50,5.3004726782935845E-5,0.1,14,6,3.003553528
50,4.6121920618233964E-5,0.1,14,7,2.725881411
50,5.576051311728398E-5,0.1,14,8,2.373250503
50,5.480700570568799E-5,0.1,14,9,2.708627858
50,7.124954453875177E-5,0.1,14,10,1.864058864
50,5.893668811625829E-5,0.1,15,1,2.356404672
50,5.557592613369927E-5,0.1,15,2,3.735234998
50,5.596020806278026E-5,0.1,15,3,4.430930504
50,6.079289596527815E-5,0.1,15,4,1.95316206
50,6.386803274729402E-5,0.1,15,5,2.059893181
50,5.58741084561939E-5,0.1,15,6,3.431698477
50,5.929395111368506E-5,0.1,15,7,2.761444931
50,5.6219447381128385E-5,0.1,15,8,2.106458905
50,5.192159603426588E-5,0.1,15,9,2.457777709
50,5.8684323448687785E-5,0.1,15,10,1.754840844
50,5.127698581533288E-5,0.1,16,1,3.749460526
50,5.514670285597828E-5,0.1,16,2,3.694833188
50,5.793912480209024E-5,0.1,16,3,4.178995097
50,5.576051311728384E-5,0.1,16,4,2.354744036
50,5.612730993014165E-5,0.1,16,5,3.684950794
50,5.3103395373123316E-5,0.1,16,6,2.074786629
50,6.12532100058903E-5,0.1,16,7,3.039838449
50,5.782571730681167E-5,0.1,16,8,1.893043535
50,4.9889882478411604E-5,0.1,16,9,3.522492354
50,5.54163124190285E-5,0.1,16,10,1.922101217
50,5.403246440107641E-5,0.1,17,1,3.041266831
50,5.080500259708987E-5,0.1,17,2,3.544160551
50,5.580320505849165E-5,0.1,17,3,4.151257932
50,6.040722254372433E-5,0.1,17,4,2.595661613
50,5.770454118205699E-5,0.1,17,5,3.035704435
50,5.675270277220304E-5,0.1,17,6,3.80367293
50,5.866682216880031E-5,0.1,17,7,3.129936165
50,5.5052340030670166E-5,0.1,17,8,1.346003385
50,5.2258504632974364E-5,0.1,17,9,2.742596542
50,5.540766287595033E-5,0.1,17,10,1.530379101
50,5.208893062183908E-5,0.1,18,1,3.834826614
50,5.7314269855972665E-5,0.1,18,2,4.195786844
50,6.566075445243806E-5,0.1,18,3,4.45282855
50,5.082338435166593E-5,0.1,18,4,2.662327739
50,5.345333484001457E-5,0.1,18,5,1.717819498
50,5.5449455009800376E-5,0.1,18,6,3.628404425
50,6.092700896606022E-5,0.1,18,7,2.473788565
50,4.956490054706109E-5,0.1,18,8,1.646013721
50,5.1298759931850766E-5,0.1,18,9,3.226473015
50,5.5416312419001666E-5,0.1,18,10,1.775637108
50,5.1345070177944616E-5,0.1,19,1,2.883026534
50,4.67135983977036E-5,0.1,19,2,4.08117018
50,5.3670606344459396E-5,0.1,19,3,4.544963076
50,5.407333374023438E-5,0.1,19,4,1.647702
50,6.42351106949074E-5,0.1,19,5,2.158040491
50,5.1221889969965944E-5,0.1,19,6,3.01044275
50,5.405573746071848E-5,0.1,19,7,3.083667293
50,5.50721117207743E-5,0.1,19,8,2.596738758
50,6.774494943514961E-5,0.1,19,9,3.648933581
50,5.541631241902915E-5,0.1,19,10,1.944324962
50,6.207624091313568E-5,0.1,20,1,3.018169051
50,7.913936014514178E-5,0.1,20,2,3.1501246
50,5.294292442024321E-5,0.1,20,3,4.053582942
50,6.127041327821937E-5,0.1,20,4,2.567624289
50,5.4813961197083175E-5,0.1,20,5,3.796087243
50,5.279555093441414E-5,0.1,20,6,2.399976023
50,6.107372751104775E-5,0.1,20,7,3.224718335
50,6.0235122194589796E-5,0.1,20,8,2.10466847
50,5.761694257554338E-5,0.1,20,9,2.810719893
50,5.541627288039307E-5,0.1,20,10,1.518727304
